"sleep","sleepnap","rest","work","age","sex","educ","exper","black","gdhealth","labor","self","union","married","ymarried","yngkid","hwage","spwork","spwage","earnings"
3113,3163,0,3438,32,"Male",12,14,0,0,1,0,0,1,13,0,7.07000350952148,0,0,0
2920,2920,0,5020,31,"Male",14,11,0,1,1,1,0,0,0,0,1.42999935150146,0,0,9500
2670,2760,278,2815,44,"Male",17,21,0,1,1,1,0,1,0,0,20.5299968719482,1,20000,42500
3083,3083,0,3786,30,"Female",12,12,0,1,1,1,0,1,12,0,9.61999797821045,1,5000,42500
3448,3493,0,2580,64,"Male",14,44,0,1,1,0,0,1,33,0,2.75000023841858,1,2400,2500
4063,4078,0,1205,41,"Male",12,23,0,1,1,0,0,1,23,0,19.2499980926514,0,0,0
3180,3810,0,2113,35,"Male",12,17,0,1,1,0,0,1,0,1,1.43999981880188,1,12000,8250
2928,3003,30,3608,47,"Male",13,28,0,1,1,1,0,1,24,0,15.0100069046021,0,0,0
3368,3368,238,2353,32,"Male",17,9,0,1,1,0,1,1,11,0,4.32999753952026,0,0,18750
3018,3168,0,2851,30,"Male",15,9,0,1,1,1,0,1,7,0,2.95999908447266,1,6000,11750
1575,1988,0,6415,43,"Male",8,29,0,1,1,0,0,1,23,0,2.40000081062317,0,0,21250
3295,3355,125,370,23,"Female",16,1,0,1,1,0,0,1,4,0,1.22999978065491,1,3000,1000
3798,3798,50,2438,24,"Male",16,2,0,1,1,0,0,1,4,0,1.22999978065491,1,3000,1000
3008,3008,0,2693,48,"Male",5,37,0,1,1,0,0,1,0,0,5.61000156402588,1,6000,18750
3248,3248,318,2526,33,"Male",12,15,0,1,1,0,0,1,9,0,3.13000011444092,1,9000,6750
3683,3683,0,2950,23,"Male",12,5,0,0,1,1,0,1,4,0,2.30999875068665,1,5000,4500
3201,3201,0,3003,46,"Male",17,23,0,1,1,0,0,1,21,0,9.90000343322754,1,3000,32500
2580,2580,0,4011,37,"Male",14,17,0,1,1,1,0,1,17,1,3.95999979972839,1,1000,13750
3420,3525,50,2300,53,"Male",12,35,0,1,1,0,0,1,26,0,3.29999852180481,0,0,0
3090,3090,75,1543,45,"Male",17,22,0,1,1,0,0,1,22,0,14.850001335144,0,0,42500
2760,2760,0,3473,46,"Male",17,23,0,1,1,1,0,0,0,0,35.5099868774414,0,0,42500
2880,3030,0,3276,40,"Male",13,21,0,1,1,1,0,1,0,0,5.32999897003174,1,8300,18750
3470,3560,0,2506,53,"Male",12,35,0,1,1,0,0,1,31,0,3.26999998092651,1,5200,11750
2673,2673,0,2651,29,"Male",13,10,0,1,1,0,1,0,0,0,5.06000232696533,0,0,16250
2820,2850,0,4580,29,"Male",12,11,0,1,1,0,0,1,4,0,2.49000072479248,1,8400,6750
2873,3243,0,3588,53,"Male",12,35,0,1,1,0,1,1,0,0,5.3199987411499,1,12000,13750
1905,1905,0,3418,28,"Male",13,9,0,1,1,1,0,1,4,0,2.6899995803833,0,0,0
2926,3001,0,2250,35,"Female",12,17,0,1,1,0,0,0,0,0,2.6899995803833,0,0,6750
2603,2603,15,2638,36,"Male",12,18,0,1,1,0,0,1,6,1,2.95999908447266,1,400,0
3238,3292,0,3173,59,"Male",12,41,0,0,1,1,0,1,0,0,3.46000146865845,0,0,9500
3888,3933,0,3446,26,"Male",12,8,0,1,1,0,0,1,2,0,3.46000146865845,1,4000,4500
2716,2716,213,3588,24,"Male",16,2,0,1,1,1,0,1,1,0,4.23000001907349,1,1300,0
3245,3275,25,2961,28,"Male",16,6,1,1,1,0,0,0,0,0,4.80999946594238,0,0,13750
3158,3158,0,2778,39,"Male",16,17,0,1,1,0,0,1,0,0,24.6299934387207,1,4000,42500
3105,3165,90,3080,33,"Male",17,10,0,1,1,1,0,1,5,0,19.2499980926514,1,15000,42500
3515,3665,0,3556,28,"Male",17,5,0,1,1,0,1,0,0,0,3.84999942779541,0,0,16250
3330,3330,0,2788,33,"Male",12,15,0,1,1,0,0,1,11,0,7.69999694824219,0,0,18750
4153,5128,0,1100,47,"Male",12,29,0,1,1,0,1,1,22,0,5.38999795913696,1,1500,3500
2955,2955,0,3116,31,"Male",16,9,0,1,1,0,0,1,7,1,4.62000131607056,0,0,0
2200,2838,0,2506,26,"Male",12,8,0,0,1,0,0,0,0,0,3.84999942779541,0,0,16250
2885,3073,0,2763,31,"Male",15,10,0,1,1,0,0,1,13,0,5.38999795913696,0,0,32500
3345,3495,111,3048,38,"Male",16,16,0,1,1,0,0,1,15,0,7.69999694824219,1,4600,0
2765,2978,0,2511,44,"Female",17,21,0,1,1,1,0,0,0,0,2.15999937057495,0,0,6750
3928,3953,188,3268,49,"Male",12,31,0,0,1,1,0,1,30,0,6.08000135421753,0,0,0
2833,3406,0,3242,56,"Male",11,39,0,1,1,0,1,1,35,0,5.76999950408936,1,12000,13750
3750,3750,0,2550,41,"Male",12,23,0,1,1,0,0,1,19,0,5.76999950408936,0,0,1000
3328,3328,0,3188,36,"Male",12,18,0,1,1,0,1,1,15,0,5.76999950408936,1,6000,16250
3795,3848,55,1555,36,"Male",9,21,0,1,1,0,1,1,18,0,7.41999959945679,0,0,18750
3363,3513,0,2743,37,"Male",12,19,0,1,1,0,0,1,17,0,4.32999753952026,0,0,0
2280,2280,0,5043,23,"Male",9,8,0,0,1,0,0,1,0,0,4.53999996185303,1,900,2500
4151,4176,113,3570,29,"Male",10,13,0,1,1,0,0,1,5,0,3.29999852180481,0,0,6750
3266,3266,0,2883,29,"Male",17,6,0,1,1,0,0,0,0,0,4.73999929428101,0,0,6750
3570,3570,0,2398,26,"Male",16,4,0,1,1,0,1,1,2,0,3.39000010490417,1,8066,6750
2885,2885,15,2663,29,"Male",16,7,0,1,1,0,0,1,10,1,7.34999752044678,0,0,0
2879,2879,0,2363,25,"Male",17,2,0,1,1,0,0,0,0,0,3.15000176429749,0,0,11750
2790,2790,0,1800,24,"Female",14,4,0,1,1,1,1,0,0,0,1.04999983310699,0,0,1000
2799,2799,0,2700,23,"Male",16,1,0,1,1,0,0,1,0,0,8.40000247955322,1,15000,11750
3173,3211,0,3031,28,"Male",12,10,0,1,1,0,0,1,5,0,5.46000099182129,1,12000,16250
3308,3308,0,2438,29,"Male",17,6,0,1,1,0,0,1,7,1,5.46000099182129,0,0,13750
3305,3305,0,2620,39,"Male",12,21,0,1,1,1,0,1,19,0,8.40000247955322,1,18000,42500
2975,3646,3,2698,31,"Female",12,13,0,1,1,0,0,0,0,0,2.79999876022339,0,0,9500
3316,3466,67,2970,50,"Male",8,36,0,1,1,0,0,1,28,0,4.28000020980835,1,1575,2500
3226,3226,45,2430,36,"Male",10,20,0,1,1,0,0,1,15,0,3.05000114440918,1,7500,8250
3635,3635,0,2250,28,"Female",12,10,0,1,1,0,0,1,5,0,2.43999981880188,0,0,1000
3233,3683,0,2888,50,"Male",11,33,0,1,1,0,0,1,26,0,5.17999935150146,1,2200,2500
3348,3348,150,1345,50,"Male",12,32,0,1,1,0,0,1,28,0,7.99000215530396,0,0,0
2630,2630,0,2925,50,"Female",13,31,0,1,1,1,0,0,0,0,5.99999713897705,0,0,13750
2858,2858,60,3976,55,"Female",12,37,0,1,1,0,0,0,0,0,3.22999954223633,0,0,8250
3203,3271,0,2205,34,"Female",16,12,0,1,1,0,0,1,12,0,3.22999954223633,1,13500,8250
3451,3551,0,1208,44,"Male",12,26,0,1,1,0,1,0,0,0,5.99999713897705,0,0,16250
3008,3008,0,2905,30,"Male",16,8,0,1,1,0,1,1,4,1,5.76999950408936,0,0,13750
2821,2851,38,3825,23,"Male",9,8,0,1,1,0,0,1,2,0,2.7699990272522,0,0,6750
3525,3680,38,2348,32,"Male",16,10,0,1,1,0,0,1,7,1,5.54000282287598,1,600,13750
3150,3210,0,1825,40,"Male",15,19,0,1,1,0,0,1,18,0,8.31000328063965,0,0,0
3113,3113,0,2563,34,"Female",10,18,0,1,1,0,0,1,15,0,2.7699990272522,1,8500,8250
2816,2816,0,2576,23,"Female",16,1,0,1,1,0,0,1,0,0,5.54000282287598,1,12000,11750
3105,3105,0,2275,24,"Male",12,6,0,1,1,0,0,1,4,1,5.54000282287598,0,0,0
3605,3605,30,3595,39,"Male",12,21,0,1,1,1,0,1,18,0,5.54000282287598,0,0,4500
3611,3611,0,2575,39,"Male",17,16,0,1,1,0,0,0,0,0,7.85000324249268,0,0,18750
3128,3128,0,2843,33,"Male",16,11,0,1,1,0,0,1,11,0,7.85000324249268,0,0,27500
3213,3213,63,2188,31,"Male",12,13,0,1,1,0,1,1,8,0,7.85000324249268,1,17000,18750
3860,6110,0,0,37,"Male",14,17,0,1,1,0,0,1,17,0,2.53999972343445,1,6000,16250
4275,4388,235,2248,60,"Female",6,48,0,0,1,0,0,1,0,0,1.2700001001358,0,0,2500
3076,3701,0,2876,43,"Male",12,25,0,1,1,0,0,1,23,0,7.61999750137329,1,3000,16250
4313,4313,0,2758,34,"Male",16,12,0,1,1,0,0,1,9,1,7.39000225067139,0,0,18750
2885,2885,45,2578,37,"Male",16,15,0,1,1,0,0,1,12,0,4.62000131607056,1,8600,8250
3165,3165,8,2163,50,"Male",17,27,0,1,1,0,0,0,0,0,16.1700057983398,0,0,32500
3105,3555,119,4075,32,"Male",12,14,0,1,1,0,0,1,12,0,2.30999875068665,1,48000,42500
3063,3103,30,2388,47,"Male",12,29,0,1,1,0,0,1,27,0,6.93000173568726,0,0,0
3368,3368,75,2048,35,"Male",17,12,0,1,1,0,0,1,8,1,6.93000173568726,1,13000,18750
3415,3415,30,2935,62,"Male",16,40,0,1,1,0,0,1,39,0,4.62000131607056,1,2500,16250
3508,3508,25,2400,38,"Male",16,16,0,1,1,0,0,1,6,1,11.5500068664551,0,0,0
2788,2908,25,2325,51,"Male",16,29,0,1,1,0,0,0,0,0,8.33000469207764,0,0,21250
3180,3385,20,2108,32,"Male",12,14,0,1,1,0,0,0,0,0,4.99000024795532,0,0,13750
3123,3123,0,2483,49,"Male",12,31,0,1,1,0,0,1,24,0,4.87000036239624,1,350,13750
3388,3613,60,1913,36,"Male",17,13,0,1,1,0,1,1,14,0,6.46999979019165,0,0,10500
3610,3610,15,1738,41,"Male",17,18,0,1,1,1,0,1,17,0,6.46999979019165,0,0,23750
3351,3456,0,3671,34,"Male",12,16,0,1,1,0,0,1,5,1,2.08000016212463,0,0,0
2653,3088,0,3225,36,"Male",12,18,0,1,1,0,0,1,11,0,4.15999984741211,0,0,13750
3413,3533,0,4058,31,"Male",16,9,0,1,1,0,0,1,9,1,4.15999984741211,1,600,10500
3218,3278,0,2713,38,"Male",12,20,0,1,1,0,0,1,16,0,5.26999807357788,1,11000,10500
3045,3045,20,2982,32,"Male",12,14,0,1,1,0,0,1,10,1,3.70000076293945,0,0,10500
3433,3808,0,3025,35,"Male",12,17,0,1,1,0,0,1,13,0,3.70000076293945,1,4500,4500
3730,3888,0,2213,23,"Female",16,1,0,1,1,0,1,1,2,0,2.65999984741211,1,9700,6750
2970,2970,88,2125,27,"Male",15,6,0,1,1,1,0,1,6,1,1.39000034332275,0,0,9500
3475,3475,33,2313,47,"Female",12,29,0,1,1,0,0,1,0,0,0.959999978542328,1,20000,2500
3430,3430,0,3140,39,"Male",11,22,0,1,1,1,0,1,22,0,1.91999959945679,0,0,0
2910,2940,83,625,34,"Female",14,14,0,1,1,0,0,1,17,1,1.43999981880188,1,15000,13750
3570,3577,0,2350,52,"Male",7,39,0,1,1,0,0,1,0,0,2.59999871253967,0,0,6750
3060,3345,0,2745,45,"Male",12,27,0,1,1,0,1,1,23,0,6.25000333786011,0,0,16250
3495,3660,60,2038,61,"Male",17,38,0,1,1,0,1,1,0,0,5.76999950408936,1,1200,13750
2970,2970,0,2880,44,"Female",12,26,0,0,1,0,1,0,0,0,5.76999950408936,0,0,16250
3008,3423,0,3331,51,"Male",8,37,0,0,1,0,0,1,27,0,5.76999950408936,1,2500,2500
3428,3428,135,1175,49,"Female",15,28,0,1,1,0,1,1,26,0,4.80999946594238,0,0,13750
3288,3288,0,1605,64,"Male",10,48,0,1,1,0,0,1,42,0,4.80999946594238,1,2000,13750
2400,2400,0,3146,30,"Male",12,12,0,1,1,0,0,1,9,1,9.61999797821045,0,0,18750
3070,3100,73,3135,36,"Male",12,18,0,1,1,0,0,1,6,0,9.61999797821045,0,0,0
2250,2250,0,4065,26,"Female",15,5,0,1,1,0,0,1,5,1,4.32999753952026,1,11500,13750
3323,3628,38,2968,44,"Male",8,30,0,0,1,0,1,1,24,0,8.66000270843506,1,6000,5500
3023,3023,0,2791,28,"Male",12,10,0,1,1,0,0,0,0,0,4.09000015258789,0,0,10500
3505,3505,413,2398,59,"Male",13,40,0,1,1,1,0,1,37,0,32.47998046875,1,8250,18750
3503,3503,30,1588,35,"Male",12,17,0,1,1,0,1,1,14,0,5.40000009536743,0,0,13750
3370,3370,150,2611,56,"Male",12,38,0,1,1,0,0,1,33,0,3.61000084877014,0,0,8250
3120,3120,300,2948,38,"Male",12,20,0,1,1,0,0,1,19,0,7.22000074386597,0,0,16250
3308,3308,0,3038,28,"Male",17,5,0,1,1,1,0,1,2,0,7.22000074386597,1,14000,13750
3398,3421,0,1655,50,"Female",14,30,0,1,1,0,0,1,20,0,3.3700008392334,0,0,0
3333,3393,38,2560,46,"Male",8,32,0,1,1,0,1,1,25,0,6.74000024795532,0,0,18750
2728,2923,0,1175,28,"Female",16,6,0,1,1,0,1,0,0,0,3.54000091552734,0,0,6750
3256,3256,0,1350,28,"Male",12,10,0,0,1,0,0,1,6,1,2.89000153541565,0,0,3500
3250,3545,0,3598,36,"Female",12,18,0,1,1,0,0,1,0,0,1.66000068187714,1,14000,0
2915,2915,0,2638,47,"Male",16,25,0,1,1,0,0,1,19,0,10.3200025558472,0,0,27500
4170,4290,2,3230,40,"Male",14,20,0,1,1,0,0,1,10,0,3.43999838829041,0,0,13750
3030,3030,0,3311,42,"Male",14,22,0,1,1,0,0,1,20,0,12.779993057251,0,0,0
3668,3668,0,2218,41,"Female",16,19,1,1,1,0,1,0,0,0,4.66999959945679,0,0,8250
2303,2303,0,3699,44,"Male",17,21,1,1,1,0,0,1,14,0,5.8999981880188,1,5500,6750
3618,3688,0,3569,53,"Female",16,31,0,1,1,0,0,1,32,0,2.45999932289124,1,17600,18750
3316,3466,0,1775,39,"Male",11,22,0,1,1,0,1,1,20,0,4.02000045776367,1,4500,16250
3601,3676,313,283,26,"Female",12,8,0,1,1,1,0,1,6,0,0.509999752044678,1,12500,1000
2413,2413,90,400,25,"Female",12,7,1,0,1,1,0,1,0,0,1.06000006198883,1,11000,0
2771,2771,30,3533,32,"Male",6,20,1,1,1,0,1,1,10,1,2.05000042915344,1,800,6750
3383,3748,0,2638,32,"Male",12,14,0,1,1,0,0,1,0,0,2.82000017166138,1,5700,10500
3808,3808,0,1175,24,"Female",17,1,0,0,1,0,0,1,3,0,2.82000017166138,0,0,4500
3363,3363,0,2426,56,"Male",12,38,0,1,1,1,0,1,28,0,3.58999919891357,1,5000,8250
3675,3675,0,2113,34,"Male",10,18,0,1,1,0,0,1,17,0,3.58999919891357,1,4000,3500
3120,3195,75,2477,23,"Male",13,4,0,1,1,0,0,1,0,1,4.35999965667725,1,3500,11750
3536,3536,25,2375,29,"Female",12,11,0,1,1,0,1,1,8,0,8.71999740600586,1,17000,18750
3253,3253,0,2813,27,"Male",12,9,0,1,1,0,0,1,8,0,5.13000154495239,0,0,0
2885,2945,0,2625,58,"Male",10,42,0,1,1,0,0,0,0,0,5.13000154495239,0,0,13750
2560,2560,38,3018,56,"Male",12,38,0,1,1,0,0,1,33,0,5.13000154495239,1,11000,21250
2985,3007,0,4335,37,"Male",14,17,0,1,1,0,1,1,0,0,6.6700005531311,0,0,18750
3095,3095,0,3105,51,"Female",12,33,0,0,1,0,0,1,0,0,6.6700005531311,1,14000,13750
2985,2985,0,3194,50,"Male",12,32,0,1,1,0,0,1,28,0,6.25999879837036,0,0,13750
2243,2243,0,2713,39,"Male",16,17,0,1,1,0,0,1,18,0,8.21000194549561,1,2700,23750
2838,3383,0,2338,48,"Male",12,30,0,1,1,0,0,1,20,0,8.21000194549561,0,0,0
3375,3375,90,938,50,"Male",16,28,0,1,1,0,0,1,29,0,11.2899961471558,1,6000,27500
3355,3355,38,3151,26,"Male",16,4,0,1,1,0,1,1,1,1,7.69999694824219,0,0,13750
3743,3865,40,0,51,"Male",11,34,0,1,1,0,1,1,29,0,6.16000127792358,1,1000,16250
2701,2741,0,3695,39,"Male",16,17,0,1,1,0,0,1,15,0,7.69999694824219,1,3600,18750
2943,3003,13,2575,54,"Female",14,34,0,1,1,0,0,1,27,0,3.08000135421753,1,9500,8250
3463,3463,0,2380,28,"Male",12,10,0,1,1,0,0,1,1,0,3.84999942779541,0,0,4500
2723,2843,0,2781,37,"Male",12,19,0,1,1,0,0,0,0,0,4.62000131607056,0,0,10500
3875,4205,0,2088,26,"Male",14,6,0,1,1,0,0,1,4,1,4.62000131607056,1,350,8250
3115,3115,100,2892,35,"Male",17,12,0,1,1,0,1,1,13,0,6.16000127792358,1,1000,13750
2756,3566,0,1188,53,"Female",15,32,0,1,1,0,0,0,0,0,4.62000131607056,0,0,16250
3398,3398,600,2088,53,"Male",16,31,0,1,1,0,0,1,30,0,15.3999900817871,1,3500,42500
3098,3098,30,3480,27,"Male",12,9,0,1,1,0,0,1,7,0,6.16000127792358,1,5500,5500
2991,3111,0,2588,37,"Male",17,14,0,1,1,0,0,1,16,0,9.60000038146973,0,0,21250
3215,3215,10,2688,28,"Female",12,10,0,1,1,0,0,1,9,0,3.58000063896179,1,4800,6750
3611,3761,90,1445,29,"Female",17,6,0,1,1,0,0,1,2,0,5.65000247955322,1,19000,13750
3305,3455,125,3050,44,"Male",12,26,0,1,1,0,0,1,22,0,5.65000247955322,1,5400,5500
3367,3367,0,2250,26,"Female",12,8,0,1,1,0,0,1,7,0,2.43999981880188,1,7000,5500
2618,2618,85,2763,32,"Male",16,10,0,1,1,0,0,0,0,0,4.87999868392944,0,0,16250
3475,4200,55,3008,59,"Female",8,45,0,0,1,0,0,0,0,0,4.10999965667725,0,0,9500
3618,3618,68,2941,26,"Male",17,3,0,1,1,0,0,1,2,0,3.34000062942505,0,0,3500
3460,3545,0,650,32,"Female",11,15,0,0,1,0,0,0,0,0,2.57000017166138,0,0,2500
3250,3250,0,2700,27,"Male",14,7,0,1,1,0,0,1,8,0,2.57000017166138,0,0,8250
2648,3008,10,2775,57,"Female",9,42,0,1,1,0,0,0,0,0,2.75000023841858,0,0,4500
3045,3165,18,2313,26,"Male",12,8,0,1,1,1,0,1,4,1,1.80000054836273,0,0,0
3065,3065,0,3003,37,"Male",12,19,0,0,1,0,1,1,14,0,3.67000126838684,1,7000,6750
2875,2875,0,2301,24,"Male",14,4,0,1,1,0,0,1,1,0,3.67000126838684,0,0,2500
3090,4353,82,1806,33,"Male",12,15,0,1,1,0,0,1,14,0,6.03999996185303,0,0,11750
2798,2888,0,2366,33,"Male",17,10,0,1,1,0,1,0,0,0,4.83000230789185,0,0,10500
3610,3610,0,2466,27,"Male",14,7,0,1,1,0,0,1,0,1,3.21999883651733,0,0,8250
3403,3838,0,2648,45,"Male",8,31,0,1,1,0,1,1,18,0,5.40999937057495,1,3000,16250
3656,3881,0,2010,32,"Male",12,14,0,1,1,0,1,1,9,0,5.91000127792358,1,4000,9500
3348,3348,0,1760,30,"Male",17,7,0,1,1,1,0,1,7,1,8.06000423431396,0,0,13750
3130,3490,0,3135,35,"Female",12,17,0,1,1,0,0,1,13,0,1.91999959945679,1,11500,4500
3213,4084,263,1485,35,"Female",10,19,0,1,1,0,0,0,0,0,1.91999959945679,0,0,4500
3855,3855,0,2463,46,"Male",7,33,0,0,1,0,1,1,24,0,3.02000069618225,0,0,11750
3138,3183,213,2351,47,"Male",12,29,0,1,1,0,0,1,25,0,8.52000522613525,0,0,16250
3203,3541,0,2975,51,"Male",12,33,0,1,1,0,1,0,0,0,3.95999979972839,0,0,16250
2930,3050,3,1283,28,"Male",10,12,0,1,1,0,1,1,9,0,6.6000018119812,0,0,10500
2448,2448,0,2488,47,"Male",17,24,0,1,1,0,0,1,19,0,8.24999904632568,1,6000,16250
3556,4111,0,826,46,"Female",12,28,0,0,1,0,0,1,0,0,2.30999875068665,1,7900,3500
3660,3660,0,2575,42,"Female",14,22,0,1,1,0,0,1,0,0,4.50999927520752,1,11000,8250
2536,2536,75,2326,59,"Female",9,44,0,1,1,0,0,0,0,0,1.15000009536743,0,0,1000
2828,2945,3,2700,30,"Female",11,13,0,1,1,0,1,1,12,0,1.15000009536743,1,7500,1000
3103,3103,0,1350,35,"Female",12,17,0,1,1,0,1,0,0,0,1.03000020980835,0,0,6750
3730,3730,0,1175,23,"Female",12,5,0,1,1,0,1,1,3,0,1.22000014781952,1,5750,5500
2840,2840,0,2353,38,"Female",11,21,0,1,1,0,1,1,20,0,1.43999981880188,1,14000,16250
3210,3290,138,1563,61,"Female",12,43,0,1,1,0,0,0,0,0,1.43999981880188,0,0,3500
3650,3650,0,600,51,"Female",8,37,0,1,1,0,1,0,0,0,1.43999981880188,0,0,4500
2708,2768,50,2501,55,"Male",17,32,0,1,1,0,0,1,25,0,0.720000028610229,1,7000,13750
3530,3530,0,2250,33,"Female",10,17,0,1,1,0,0,1,17,0,1.95999908447266,1,12000,3500
4695,4695,200,1533,52,"Female",12,34,0,1,1,0,1,1,0,0,3.15999984741211,1,10000,9500
3639,3714,120,2513,27,"Male",15,6,0,1,1,0,0,1,5,1,3.46000146865845,1,12500,13750
2335,2428,38,2896,36,"Male",9,21,1,1,1,0,0,1,0,0,3.46000146865845,0,0,8250
2813,2813,0,2550,55,"Female",12,37,0,1,1,0,0,0,0,0,3.46000146865845,0,0,8250
3088,3148,0,2747,60,"Female",10,44,0,0,1,0,0,1,38,0,3.46000146865845,0,0,0
3710,3770,0,2127,40,"Female",11,23,0,1,1,1,0,1,22,0,1.72999930381775,1,10000,9500
3293,3518,0,1125,29,"Female",13,10,0,1,1,0,0,1,8,0,3.46000146865845,0,0,6750
3261,3441,0,1125,35,"Female",12,17,0,1,1,0,0,1,16,0,3.46000146865845,1,10000,1000
3540,3840,0,3692,35,"Male",12,17,0,1,1,0,1,1,15,0,3.46000146865845,1,4000,4500
3176,3221,0,2225,39,"Male",12,21,0,1,1,0,0,1,13,0,3.46000146865845,0,0,1000
3060,3060,90,2375,23,"Male",12,5,0,0,1,0,0,1,5,1,3.46000146865845,0,0,4500
3590,3590,30,2100,28,"Male",11,11,0,1,1,0,0,1,1,1,3.46000146865845,1,800,0
2923,2953,265,2243,28,"Female",17,5,0,1,1,0,1,0,0,0,3.46000146865845,0,0,4500
3020,3020,0,2275,54,"Female",13,35,0,1,1,0,0,0,0,0,3.46000146865845,0,0,6750
3110,3110,0,2393,46,"Female",11,29,0,1,1,0,0,1,0,0,2.18000030517578,1,15000,0
3898,3898,0,2408,52,"Female",12,34,0,1,1,0,0,1,31,0,2.4800009727478,1,11000,11750
2841,2931,0,2413,30,"Female",12,12,0,1,1,0,0,1,12,0,3.22999954223633,1,23000,0
3278,3518,0,2420,40,"Female",12,22,0,1,1,0,0,1,16,0,5.47999954223633,1,13000,10500
3151,3191,697,1263,40,"Female",17,17,0,1,1,0,1,1,22,0,4.23999881744385,0,0,4500
3165,3330,670,2765,28,"Male",10,12,1,1,1,0,0,1,11,1,2.40000081062317,1,3000,10500
3720,3860,0,2100,36,"Female",12,18,0,1,1,0,0,1,8,0,1.80000054836273,1,8000,8250
3675,3675,0,2425,30,"Female",12,12,0,1,1,0,0,0,0,0,3.75000071525574,0,0,8250
3300,3300,0,3213,37,"Male",12,19,0,1,1,0,0,1,17,0,4.49999809265137,1,1500,9500
2250,2250,1200,1200,36,"Female",12,18,0,0,1,0,1,1,14,0,3.75000071525574,1,8000,6750
3298,3518,0,2276,31,"Male",12,13,0,1,1,0,0,1,8,0,3.75000071525574,1,3746,8250
3245,3433,0,2475,30,"Male",12,12,0,1,1,0,0,1,4,0,5.25,1,1400,11750
2770,3160,0,2300,53,"Female",11,36,0,1,1,0,0,1,29,0,3.75000071525574,0,0,8250
3383,3653,0,2188,37,"Female",12,19,1,0,1,0,0,1,18,0,2.99999904632568,1,9000,8250
3338,3338,0,2313,29,"Male",12,11,0,1,1,0,1,1,10,0,5.21000099182129,0,0,13750
3330,3330,33,2300,34,"Male",12,16,0,0,1,0,0,1,2,0,4.76000165939331,1,2500,1000
3098,3586,113,2828,38,"Male",12,20,0,1,1,0,0,1,19,0,5.76999950408936,0,0,0
3158,3158,45,2200,24,"Female",12,6,0,1,1,0,0,1,5,0,5.76999950408936,1,1500,16250
3404,3439,0,3748,52,"Male",14,32,0,1,1,0,0,1,26,0,5.76999950408936,0,0,5500
3038,3188,15,2681,38,"Male",9,23,0,0,1,0,1,1,14,0,5.76999950408936,1,4500,13750
3115,3115,0,1860,36,"Female",16,14,0,1,1,0,0,1,18,0,5.76999950408936,1,21000,23750
2623,2623,20,4325,60,"Male",12,42,0,1,1,0,1,1,0,0,5.76999950408936,1,9000,10500
3013,3013,0,2313,39,"Male",12,21,0,1,1,0,0,1,16,0,5.76999950408936,1,1100,1000
2895,2895,0,3411,50,"Female",12,32,0,1,1,0,0,0,0,0,5.76999950408936,0,0,11750
1485,1485,120,2075,28,"Male",12,10,0,1,1,0,0,1,12,0,5.76999950408936,1,4000,2500
2770,2770,0,2587,36,"Female",10,20,0,1,1,0,1,0,0,0,5.76999950408936,0,0,10500
3308,3428,10,2975,60,"Male",8,46,0,1,1,0,1,1,23,0,5.76999950408936,1,4000,13750
3210,3255,0,2125,32,"Male",13,13,0,1,1,0,0,1,11,0,5.76999950408936,0,0,0
3116,3206,0,2628,56,"Male",12,38,0,1,1,0,1,1,35,0,5.76999950408936,1,9000,8250
3183,3183,77,2388,47,"Male",8,33,0,1,1,0,1,1,0,0,5.76999950408936,0,0,13750
3330,4255,0,2866,61,"Male",12,43,0,1,1,0,0,1,39,0,5.76999950408936,1,2400,1000
3113,3188,0,2173,29,"Male",17,6,0,0,1,0,0,0,0,0,5.76999950408936,0,0,11750
2880,2880,0,2450,56,"Male",8,42,0,1,1,0,0,1,0,0,5.76999950408936,0,0,11750
3308,3626,263,1613,27,"Male",12,9,0,1,1,0,0,1,5,0,5.76999950408936,0,0,0
3428,3428,0,3150,45,"Male",9,30,0,1,1,0,0,1,0,0,5.02000045776367,1,6600,10500
3998,4081,795,1350,25,"Female",12,7,0,1,1,0,0,1,4,0,3.51999998092651,1,9000,6750
3965,3965,75,700,26,"Male",10,10,0,0,1,0,1,1,9,1,4.53000068664551,0,0,10500
3515,3515,60,2250,52,"Female",12,34,0,1,1,0,0,0,0,0,2.7699990272522,0,0,4500
3345,3345,0,1955,33,"Female",17,10,0,1,1,0,0,1,8,1,7.55999851226807,1,18000,18750
3638,3698,80,2125,37,"Male",17,14,0,1,1,0,1,1,7,1,4.0400013923645,0,0,4500
2655,2655,0,938,30,"Male",13,11,0,1,1,1,0,1,6,1,4.0400013923645,0,0,0
2618,2618,0,3869,52,"Female",17,29,0,1,1,0,1,1,27,0,10.1000061035156,0,0,16250
3450,3450,15,2450,23,"Male",12,5,0,1,1,0,1,1,2,1,4.0400013923645,1,300,9500
3188,3488,0,2353,44,"Female",12,26,0,1,1,0,0,1,0,0,3.03000092506409,1,22000,5500
3390,3940,138,2563,33,"Male",16,11,0,1,1,0,0,1,10,0,8.08000087738037,0,0,13750
3108,3108,15,1863,27,"Female",12,9,0,1,1,0,0,1,5,0,4.0400013923645,1,10000,8250
3825,3925,0,2143,65,"Male",7,52,0,0,1,0,0,0,0,0,6.06000137329102,0,0,13750
3778,3778,0,1571,30,"Male",16,8,0,1,1,0,0,1,8,1,8.08000087738037,1,17000,16250
3046,3278,60,2571,54,"Male",16,32,0,1,1,0,0,1,32,0,8.08000087738037,1,6000,18750
3333,3393,0,1818,29,"Female",16,7,0,1,1,0,0,1,8,1,8.08000087738037,0,0,16250
4575,4575,405,0,49,"Male",12,31,0,1,1,0,0,1,27,0,8.08000087738037,1,3700,3500
3263,3263,0,2250,25,"Male",12,7,1,1,1,0,0,1,4,1,4.0400013923645,0,0,10500
3113,3263,1320,2313,58,"Female",12,40,0,1,1,0,0,1,34,0,4.0400013923645,1,25000,27500
4545,4695,0,835,40,"Male",11,23,0,0,1,0,1,0,0,0,4.0400013923645,0,0,8250
3880,3918,0,2830,40,"Male",12,22,0,1,1,0,0,1,5,1,4.0400013923645,0,0,0
3303,3548,113,2226,56,"Male",12,38,0,0,1,1,1,0,0,0,4.0400013923645,0,0,6750
3388,3388,0,2325,45,"Female",9,30,0,0,1,0,0,1,25,0,4.0400013923645,0,0,0
3278,3278,0,2140,52,"Female",10,36,0,0,1,0,1,0,0,0,4.59999895095825,0,0,8250
3376,3424,45,2592,31,"Male",17,8,0,1,1,0,0,1,10,1,5.31000089645386,1,7500,10500
2895,2895,0,2313,27,"Male",12,9,0,1,1,0,1,1,5,0,14.4299936294556,1,6000,16250
3216,3216,0,2263,31,"Male",14,11,0,1,1,0,0,1,9,0,10.3900012969971,1,11000,21250
2930,2930,150,2100,30,"Male",17,7,0,1,1,0,0,1,6,0,10.3900012969971,1,800,18750
3150,4135,0,1075,44,"Male",16,22,0,1,1,0,1,1,17,0,10.3900012969971,0,0,21250
3248,3248,30,2238,27,"Male",15,6,0,1,1,0,0,1,6,1,5.83000040054321,1,1000,13750
3983,5224,0,1168,28,"Female",14,8,0,1,1,0,0,0,0,0,7.1000018119812,0,0,6750
3218,3523,225,1900,57,"Male",12,39,0,1,1,0,0,1,24,0,8.37000179290771,1,1800,1000
2803,2803,0,2376,33,"Female",13,14,0,1,1,0,0,1,10,0,2.53999972343445,0,0,9500
3038,3038,190,1800,29,"Male",12,11,0,1,1,0,0,1,5,1,3.8099992275238,1,9000,6750
3150,3300,0,2965,32,"Male",12,14,0,1,1,0,1,1,14,0,6.35000085830688,1,1000,13750
3405,3405,0,3466,25,"Male",13,6,0,1,1,0,0,1,4,1,10.1599960327148,0,0,0
3548,3548,0,1538,50,"Male",12,32,0,1,1,0,0,1,25,0,6.35000085830688,1,3000,2500
3670,3670,0,2600,39,"Male",12,21,1,0,1,0,1,0,0,0,6.35000085830688,0,0,13750
2961,3724,0,1675,24,"Male",12,6,0,0,1,0,1,1,4,0,6.35000085830688,1,7500,11750
3530,3593,65,1113,31,"Male",12,13,0,1,1,0,1,1,9,1,6.35000085830688,0,0,13750
2668,2668,20,2400,25,"Male",12,7,0,1,1,0,1,1,7,1,6.35000085830688,0,0,13750
3233,3848,188,2288,44,"Male",7,31,0,1,1,0,1,1,25,0,6.35000085830688,0,0,16250
3750,3750,165,2226,62,"Male",17,39,0,1,1,0,0,1,37,0,17.4799938201904,0,0,32500
3203,3203,195,2001,44,"Male",12,26,0,1,1,0,0,1,23,0,9.93000602722168,0,0,18750
2948,3048,0,2480,35,"Female",12,17,0,1,1,0,0,1,0,0,4.32999753952026,1,18750,2500
3621,4034,60,2588,34,"Female",12,16,0,1,1,0,0,0,0,0,4.32999753952026,0,0,10500
3630,4165,0,1213,27,"Female",12,9,0,1,1,0,0,1,5,1,4.32999753952026,1,8000,6750
3631,3631,0,1650,32,"Male",12,14,0,1,1,1,0,1,10,0,8.66000270843506,0,0,0
2836,2836,0,2263,58,"Male",8,44,0,1,1,0,1,1,30,0,8.66000270843506,0,0,18750
2940,2948,0,2163,27,"Female",17,4,0,1,1,0,0,1,10,1,4.32999753952026,1,11000,10500
3943,3943,0,958,59,"Male",14,39,1,1,1,1,0,1,34,0,8.66000270843506,1,6000,18750
3378,3378,38,3185,23,"Male",12,5,0,1,1,0,0,1,0,0,7.39000225067139,0,0,8250
4140,4260,30,0,45,"Male",8,31,0,0,1,0,0,1,0,0,5.70999956130981,0,0,13750
2888,2888,30,2931,25,"Male",12,7,0,1,1,0,1,1,1,0,6.11999893188477,1,1200,11750
3030,3440,0,1138,52,"Male",17,29,0,1,1,0,0,0,0,0,8.47000503540039,0,0,16250
3705,3705,75,2363,29,"Male",12,11,0,1,1,0,0,1,6,1,6.6399998664856,0,0,13750
3795,4170,15,1298,24,"Female",16,2,0,1,1,0,0,1,3,0,3.83999848365784,1,13200,13750
3160,3160,0,3103,59,"Male",10,43,0,1,1,0,0,1,36,0,7.93999767303467,1,2500,2500
3075,3285,0,3261,39,"Male",10,23,0,1,1,0,0,1,13,0,4.62000131607056,0,0,1000
2678,2948,38,2755,33,"Male",12,15,1,1,1,0,1,1,7,0,9.24000072479248,1,5500,21250
4113,4113,0,2488,33,"Male",8,19,0,0,1,0,0,1,13,1,4.62000131607056,0,0,9500
3293,3843,0,2058,58,"Male",12,40,0,1,1,0,0,0,0,0,6.93000173568726,0,0,10500
2760,2760,0,2695,33,"Male",16,11,0,1,1,0,0,1,9,1,11.5500068664551,0,0,16250
3720,3720,0,2113,24,"Female",17,1,0,1,1,0,0,1,2,0,2.30999875068665,1,3500,4500
3840,3840,0,1538,47,"Male",12,29,0,1,1,0,0,1,7,0,9.24000072479248,1,5600,21250
3338,3711,0,1323,51,"Female",16,29,0,1,1,0,0,1,29,0,4.62000131607056,0,0,9500
4373,4373,0,0,44,"Female",11,27,0,1,1,0,0,1,26,0,4.62000131607056,1,15000,9500
2928,3138,0,2735,48,"Male",12,30,0,1,1,0,1,1,27,0,6.93000173568726,1,4000,13750
3090,3125,660,3225,36,"Male",12,18,0,1,1,0,0,1,15,0,11.5500068664551,0,0,0
2740,2740,75,2375,54,"Male",12,36,0,1,1,0,0,1,27,0,6.93000173568726,1,10000,9500
2496,2656,0,1762,25,"Male",12,7,0,1,1,0,0,1,1,0,2.30999875068665,0,0,3500
3098,3248,0,2601,56,"Female",17,33,0,0,1,0,0,0,0,0,4.62000131607056,0,0,10500
2933,2933,20,2513,28,"Male",12,10,0,1,1,0,0,1,6,1,6.93000173568726,0,0,0
3195,3570,0,1755,40,"Female",14,20,0,1,1,0,0,0,0,0,4.62000131607056,0,0,11750
3213,3273,0,2288,28,"Male",12,10,0,1,1,0,0,1,4,0,4.62000131607056,0,0,2500
3015,3053,188,2640,29,"Male",12,11,0,0,1,0,0,1,7,0,4.62000131607056,0,0,0
3698,3698,85,2518,33,"Male",17,10,0,1,1,0,0,1,0,1,6.93000173568726,0,0,18750
3488,3488,0,1880,26,"Male",12,8,0,1,1,0,1,1,5,0,6.93000173568726,0,0,10500
3335,3395,0,2438,54,"Male",12,36,0,1,1,0,0,1,34,0,11.5500068664551,1,9000,27500
2965,2965,0,2551,31,"Male",12,13,0,1,1,0,1,1,12,0,4.62000131607056,1,10000,9500
3823,3823,0,2300,56,"Male",13,37,0,1,1,0,1,1,29,0,6.93000173568726,1,14000,13750
3443,3443,188,2996,25,"Female",17,2,0,1,1,0,1,0,0,0,4.62000131607056,0,0,10500
3560,3560,75,2513,25,"Male",12,7,0,0,1,1,0,1,4,0,4.62000131607056,1,2000,0
3461,3461,0,2300,53,"Male",8,39,0,1,1,0,0,1,15,0,6.93000173568726,0,0,0
3178,3178,15,2656,26,"Male",12,8,0,1,1,0,0,1,5,0,4.62000131607056,1,1100,5500
3435,3435,0,1920,24,"Male",15,3,0,1,1,0,1,1,1,0,4.62000131607056,1,8000,5500
3211,3399,30,1275,45,"Male",17,22,0,1,1,0,1,1,20,0,6.93000173568726,1,2000,13750
3635,3665,0,465,52,"Female",10,36,0,0,1,0,0,1,34,0,2.30999875068665,0,0,4500
3378,3471,0,1125,23,"Female",15,2,0,1,1,0,0,1,5,1,4.87999868392944,1,10500,21250
3780,4618,75,1050,32,"Female",12,14,0,1,1,0,0,1,15,0,3.64999938011169,0,0,6750
2715,3015,0,2850,49,"Female",17,26,0,1,1,0,0,1,25,0,3.34999895095825,1,50000,13750
3436,3496,0,2250,44,"Female",12,26,0,1,1,0,0,0,0,0,6.28999948501587,0,0,13750
3285,3390,0,2451,24,"Male",13,5,0,1,1,0,0,1,2,0,7.22000074386597,1,3500,6750
3203,3203,13,2463,34,"Male",11,17,0,1,1,0,0,1,15,0,7.22000074386597,0,0,13750
3683,3683,0,2150,54,"Male",14,34,0,0,1,0,0,1,31,0,7.22000074386597,1,11000,11750
3135,3135,0,2325,40,"Male",12,22,0,1,1,0,1,1,16,0,7.22000074386597,1,5000,13750
3213,3213,38,3273,48,"Female",8,34,0,1,1,0,0,1,0,0,4.38999891281128,1,1100,9500
3365,3365,0,2203,27,"Female",15,6,0,1,1,0,0,0,0,1,4.64999914169312,0,0,10500
3278,3298,30,1853,33,"Female",17,10,0,1,1,0,0,1,13,1,7.69999694824219,1,22000,13750
3150,3463,0,3616,28,"Male",12,10,0,1,1,0,1,0,0,0,9.8199987411499,0,0,16250
3750,3750,0,1963,62,"Female",16,40,0,0,1,0,0,1,38,0,5.17000198364258,0,0,0
3418,5226,0,1126,64,"Female",17,41,0,0,1,0,0,0,0,0,3.30999946594238,0,0,6750
2910,3060,0,2450,31,"Female",12,13,0,1,1,0,0,0,0,0,6.21000099182129,0,0,9500
3683,3683,0,1125,29,"Male",16,7,0,1,1,0,0,1,3,0,6.21000099182129,1,7950,13750
2311,2311,0,3996,36,"Male",12,18,0,1,1,0,0,1,13,0,7.51000452041626,0,0,0
3368,3533,13,3071,44,"Male",8,30,0,1,1,0,1,1,24,0,7.51000452041626,0,0,16250
3453,3453,0,2325,43,"Male",12,25,0,1,1,0,0,0,0,0,7.51000452041626,0,0,8250
3870,3930,140,2253,46,"Male",11,29,0,1,1,0,0,1,26,0,7.51000452041626,1,11000,9500
2921,2921,0,2263,29,"Female",12,11,0,1,1,0,0,0,0,0,2.59999871253967,0,0,3500
3438,3438,0,2206,28,"Male",14,8,0,1,1,0,0,0,0,0,5.20000171661377,0,0,10500
3775,3775,0,2711,26,"Male",13,7,0,0,1,0,1,1,4,1,5.20000171661377,1,7000,8250
2945,3170,0,1263,62,"Female",10,46,0,1,1,0,0,1,42,0,1.29999971389771,1,13000,13750
3270,3270,0,1960,23,"Female",17,0,0,1,1,0,0,1,2,0,2.59999871253967,1,4000,9500
3405,3495,0,1470,35,"Female",16,13,1,1,1,0,0,0,0,0,5.20000171661377,0,0,8250
3533,3533,0,2980,32,"Male",14,12,0,1,1,0,0,1,7,1,5.20000171661377,0,0,0
3320,3320,375,2085,44,"Male",12,26,0,1,1,0,0,1,12,0,5.20000171661377,0,0,0
3030,3120,0,2270,29,"Female",12,11,0,1,1,0,0,0,0,0,3.11999988555908,0,0,6750
3563,3708,0,3391,42,"Male",12,24,0,1,1,1,1,1,17,0,5.20000171661377,0,0,6750
3470,3470,0,1660,24,"Female",16,2,1,1,1,0,0,0,0,0,3.11999988555908,0,0,6750
3130,3370,0,2450,27,"Female",14,7,0,1,1,0,0,1,8,0,2.08000016212463,1,8250,8250
3660,3720,53,1163,49,"Female",14,29,0,0,1,0,0,1,31,0,5.20000171661377,1,15000,11750
4113,4113,340,1288,43,"Male",8,29,0,1,1,0,0,1,13,0,2.08000016212463,0,0,0
2661,2901,0,2485,40,"Male",14,20,0,1,1,0,0,1,9,0,3.64000105857849,1,4750,5500
2115,2115,75,2050,27,"Female",12,9,0,0,1,0,0,1,0,0,4.67999935150146,1,8000,9500
3240,3390,0,1038,49,"Female",8,35,0,1,1,0,0,1,28,0,2.59999871253967,1,14000,2500
3480,3480,0,1213,27,"Female",12,9,0,1,1,0,1,1,8,0,4.97000074386597,1,11500,11750
4048,4308,113,1558,26,"Female",12,8,0,1,1,0,1,1,5,0,2.89000153541565,1,26000,16250
2956,2956,195,1175,44,"Female",8,30,0,0,1,0,1,1,24,0,2.89000153541565,1,13000,5500
2985,3125,0,0,31,"Female",15,10,0,1,1,0,0,1,7,0,2.89000153541565,1,12000,11750
2745,2783,15,0,28,"Female",13,9,0,0,1,0,1,1,4,1,2.89000153541565,1,11000,8250
3405,3465,0,2460,47,"Female",12,29,0,1,1,0,0,1,27,0,2.89000153541565,1,9000,5500
3158,3233,0,2325,31,"Female",12,13,1,1,1,0,0,1,11,0,2.89000153541565,1,8000,6750
3138,3438,0,2488,33,"Female",12,15,0,1,1,0,0,1,14,0,2.89000153541565,1,8400,4500
3143,3143,170,2288,55,"Female",12,37,0,1,1,0,1,1,35,0,3.47999906539917,1,12000,8250
2865,3428,0,2251,24,"Female",12,6,0,1,1,0,0,1,5,0,1.85000061988831,0,0,0
3853,3853,0,1173,23,"Female",16,1,0,1,1,0,1,1,3,0,3.70000076293945,1,7500,2500
3435,3465,0,2946,42,"Male",11,25,0,1,1,0,0,1,22,0,3.17999935150146,1,6000,9500
3221,3401,75,1150,26,"Female",12,8,0,1,1,0,1,1,9,0,3.17999935150146,1,8000,8250
3320,3320,0,2193,25,"Female",14,5,0,1,1,0,0,0,0,0,3.17999935150146,0,0,6750
2633,3278,68,2663,32,"Male",10,16,0,1,1,0,0,1,13,0,1.5900000333786,0,0,0
3158,3158,30,2413,33,"Female",12,15,0,1,1,0,1,1,15,0,3.17999935150146,1,16500,16250
3353,3353,0,2475,62,"Female",8,48,0,1,1,0,0,1,0,0,3.17999935150146,0,0,6750
3350,3425,150,2050,35,"Female",14,15,0,1,1,0,0,1,17,0,3.17999935150146,0,0,16250
2580,2580,0,2575,26,"Male",9,11,0,1,1,0,1,1,4,0,3.17999935150146,0,0,9500
3633,3633,0,2170,44,"Female",12,26,0,1,1,0,1,1,19,0,2.65999984741211,0,0,5500
3955,4015,250,1763,48,"Female",9,33,0,1,1,0,0,1,32,0,2.06000018119812,1,7500,4500
4215,4530,330,2525,51,"Female",8,37,0,0,1,0,0,1,0,0,1.60999965667725,0,0,3500
2733,2981,0,3226,47,"Female",6,35,0,1,1,0,1,0,0,0,0.540000081062317,0,0,4500
3270,3270,0,0,43,"Female",12,25,0,1,1,1,0,1,24,0,0.35000005364418,1,13000,13750
3128,3203,0,2173,32,"Female",16,10,0,1,1,0,0,1,9,0,5.76999950408936,1,6000,10500
3515,3515,113,2843,24,"Male",13,5,0,1,1,0,0,1,4,0,6.65999698638916,1,7000,6750
4068,4103,0,2568,28,"Female",16,6,0,1,1,1,0,1,0,0,1.81999909877777,1,9360,4500
3885,4035,75,913,33,"Female",14,13,0,1,1,0,0,1,9,0,1.81999909877777,1,9000,5500
3410,3470,60,1497,28,"Female",12,10,0,1,1,0,0,1,0,1,1.51999950408936,1,12000,5500
3641,3791,0,2686,24,"Female",13,5,0,1,1,0,0,1,4,0,3.64999938011169,1,13800,6750
4091,4181,30,75,24,"Female",13,5,0,1,1,0,0,1,2,0,2.18000030517578,1,15000,6750
2708,2708,30,2325,49,"Female",12,31,0,1,1,0,0,1,27,0,4.99000024795532,1,23000,8250
2640,2745,0,2538,27,"Female",16,5,1,1,1,1,0,0,0,0,4.99000024795532,0,0,9500
2918,2918,0,2038,23,"Male",16,1,0,1,1,0,0,0,0,0,4.99000024795532,0,0,4500
2983,2983,93,2025,32,"Female",12,14,0,1,1,0,1,1,12,0,5.09000062942505,1,10000,9500
3420,3480,338,2205,39,"Male",11,22,0,1,1,0,0,0,0,0,4.08000040054321,0,0,6750
3322,4099,75,1838,35,"Male",12,17,0,0,1,0,0,1,14,1,2.86999988555908,0,0,0
3553,3553,0,1570,24,"Female",12,6,0,0,1,0,1,1,4,0,3.11999988555908,1,13000,11750
3945,4210,0,1125,33,"Female",12,15,0,1,1,0,0,1,0,0,6.23999834060669,1,15000,11750
3018,3018,0,2388,40,"Male",16,18,0,1,1,0,0,1,16,0,15.6000022888184,0,0,27500
2870,3170,0,1830,25,"Female",13,6,0,1,1,0,0,0,0,0,6.23999834060669,0,0,8250
2891,2891,0,2163,30,"Female",12,12,0,1,1,0,1,1,9,1,6.23999834060669,0,0,8250
3323,3323,0,1370,24,"Female",16,2,0,1,1,0,0,1,3,0,6.23999834060669,1,13500,13750
3155,3155,0,3075,25,"Male",16,3,0,1,1,0,0,1,3,0,7.49000215530396,1,12000,13750
4110,4185,30,2505,34,"Female",12,16,0,1,1,0,1,0,0,0,3.86999797821045,0,0,5500
3328,3328,0,2146,52,"Female",12,34,0,1,1,0,0,1,27,0,4.36999988555908,1,17000,9500
3015,3075,25,1975,25,"Male",15,4,0,1,1,0,0,1,3,1,5.62000179290771,1,600,3500
3195,3195,0,1650,37,"Male",16,15,0,1,1,0,0,1,7,1,11.2400007247925,0,0,21250
2710,2755,0,2775,26,"Male",17,3,0,1,1,0,0,1,2,0,2.50000071525574,1,6000,9500
2890,3010,0,2380,26,"Female",12,8,0,1,1,0,1,0,0,0,3.75000071525574,0,0,6750
3578,4121,0,1321,65,"Male",12,47,0,1,1,0,0,1,35,0,1.25000059604645,0,0,0
2708,2708,0,2458,32,"Female",12,14,1,1,1,0,0,1,0,0,2.70000052452087,1,8100,1000
4100,4100,0,3170,27,"Male",10,11,0,1,1,0,1,1,2,1,3.75000071525574,0,0,6750
3818,3848,65,360,57,"Female",4,47,0,1,1,0,0,0,0,0,0.379999995231628,0,0,1000
3060,3060,0,750,36,"Female",8,22,0,1,1,0,0,1,16,0,1.68000030517578,0,0,2500
3765,4025,75,2100,51,"Male",13,32,1,1,1,0,0,1,0,0,3.84999942779541,1,5250,4500
2710,2893,75,2368,52,"Female",11,35,0,1,1,0,1,1,35,0,7.05999946594238,1,18500,13750
3753,3753,55,1325,24,"Female",17,1,0,1,1,0,0,1,1,0,1.80000054836273,0,0,6750
3943,3943,60,2451,27,"Female",12,9,1,1,1,0,0,1,4,0,1.80000054836273,1,11900,11750
3505,3593,30,1993,29,"Female",13,10,0,1,1,0,1,1,10,0,1.81000030040741,1,18500,3500
3693,3693,225,2533,30,"Male",13,11,0,0,1,0,1,1,6,0,5.01000070571899,0,0,8250
3150,3150,148,1671,30,"Female",12,12,1,1,1,0,0,1,7,0,4.44999933242798,1,6000,6750
2780,2780,0,1950,33,"Male",16,11,0,1,1,0,0,0,0,0,4.87999868392944,0,0,16250
2955,2955,495,1313,37,"Male",11,20,0,1,1,0,0,1,16,0,7.51999855041504,1,3000,13750
2948,3093,0,1813,27,"Female",14,7,0,1,1,0,0,0,0,0,4.42000150680542,0,0,6750
3045,3045,0,2049,37,"Male",12,19,0,1,1,0,0,1,7,0,6.17000150680542,1,360,13750
3595,3655,30,1963,44,"Female",12,26,0,1,1,0,0,1,22,0,3.29999852180481,1,14500,5500
2985,2985,0,0,62,"Male",8,48,0,1,1,0,0,1,41,0,4.62000131607056,0,0,16250
3346,3346,0,2288,54,"Female",12,36,0,1,1,0,0,1,32,0,6.6000018119812,1,1500,13750
3195,3195,5,2195,23,"Male",14,3,0,1,1,0,0,0,0,0,4.95000219345093,0,0,10500
3073,3163,500,2088,42,"Female",12,24,0,1,1,0,0,0,0,0,6.6000018119812,0,0,13750
3608,3608,0,2100,32,"Female",12,14,0,1,1,0,0,0,0,0,10.5599975585938,0,0,18750
2928,2928,0,2606,28,"Male",17,5,0,1,1,0,0,0,0,0,2.64000010490417,0,0,13750
3525,3525,0,1875,32,"Female",12,14,1,1,1,0,0,1,14,0,2.64000010490417,1,12000,0
3953,3953,0,2351,57,"Female",14,37,0,1,1,0,0,1,34,0,3.29999852180481,1,20000,18750
3218,3218,45,2300,50,"Female",13,31,0,1,1,0,1,1,29,0,7.91999864578247,1,27000,13750
3848,3893,77,2126,35,"Female",17,12,0,1,1,0,0,0,0,0,3.95999979972839,0,0,6750
3740,3740,0,515,28,"Female",12,10,0,1,1,0,0,0,0,1,3.29999852180481,0,0,0
3570,3570,120,2560,60,"Female",12,42,0,1,1,0,0,1,38,0,2.64000010490417,0,0,5500
3218,3458,0,2026,39,"Female",17,16,0,1,1,0,1,0,0,0,11.2200002670288,0,0,18750
3255,3255,0,2100,29,"Male",12,11,0,1,1,0,1,1,8,0,6.6000018119812,1,9500,11750
3363,3813,75,1673,43,"Male",12,25,0,1,1,0,0,0,0,0,2.83999991416931,0,0,8250
3286,3286,0,2275,47,"Female",12,29,0,1,1,0,0,1,7,0,3.70000076293945,1,20000,21250
3255,3255,593,2750,33,"Female",11,16,0,1,1,1,0,1,16,0,5.09000062942505,1,20000,8250
3548,3548,23,2178,45,"Female",12,27,0,1,1,0,0,1,25,0,2.09999918937683,1,16000,2500
3181,3181,0,1208,54,"Female",9,39,0,1,1,1,0,1,39,0,1.39999961853027,1,11800,1000
3188,3248,0,1175,45,"Female",12,27,0,1,1,0,0,1,0,0,1.43999981880188,1,11000,2500
3318,3601,288,0,51,"Female",14,31,0,1,1,0,0,1,32,0,5.99999713897705,1,19000,8250
4030,4030,0,2193,24,"Female",12,6,0,1,1,0,0,0,0,1,3.06000018119812,0,0,4500
2746,2746,20,2288,32,"Female",9,17,0,0,1,0,1,1,14,0,2.89000153541565,1,14000,13750
3410,3410,495,0,42,"Female",12,24,0,1,1,0,0,1,23,0,2.16999959945679,1,19000,16250
3943,4088,0,2013,60,"Female",12,42,0,1,1,1,0,0,0,0,0.959999978542328,0,0,2500
2423,2423,150,2138,48,"Female",11,31,0,1,1,1,0,0,0,0,1.91999959945679,0,0,2500
3388,3478,0,2233,39,"Female",12,21,1,1,1,0,1,1,16,0,3.20000076293945,1,15000,13750
3280,3280,0,1905,36,"Female",16,14,0,1,1,0,0,1,14,0,3.8099992275238,0,0,4500
3376,3376,0,375,56,"Female",13,37,0,1,1,0,1,1,37,0,3.21000003814697,1,18000,3500
3458,3458,0,1538,48,"Female",12,30,0,1,1,0,1,1,27,0,2.30999875068665,1,16000,13750
3710,3710,0,788,34,"Female",16,12,0,1,1,0,0,1,15,0,2.30999875068665,1,18000,18750
3196,3709,45,2293,33,"Female",10,17,0,1,1,0,0,1,0,0,1.53999936580658,0,0,6750
3206,3236,365,838,48,"Male",17,25,0,0,1,0,0,0,0,0,3.70000076293945,0,0,5500
2881,4054,0,2866,31,"Male",8,17,0,1,1,0,0,1,11,1,2.15999937057495,0,0,5500
3113,3218,0,2031,56,"Female",10,40,0,1,1,0,0,1,36,0,1.81000030040741,1,13500,2500
3128,3128,163,1738,46,"Female",11,29,0,1,1,0,0,1,26,0,2.21999955177307,1,14000,2500
3203,3308,10,1525,38,"Female",10,22,1,1,1,0,0,1,21,0,0.919999659061432,0,0,0
3330,3815,50,330,23,"Female",12,5,0,0,1,0,0,1,2,0,2.7699990272522,1,12000,1000
4180,4360,0,2570,30,"Male",10,14,0,1,1,1,0,0,0,0,16.6299953460693,0,0,13750
3368,3368,30,1093,33,"Female",11,16,0,1,1,0,0,1,16,0,2.30999875068665,1,13000,13750
3295,3295,30,2805,50,"Female",8,36,0,1,1,0,1,1,23,0,4.15999984741211,1,18000,13750
3103,3508,100,825,51,"Female",12,33,0,1,1,0,0,1,0,0,1.95999908447266,1,13000,2500
3373,3441,37,68,35,"Female",16,13,0,1,1,0,0,1,15,0,5.76999950408936,1,24000,0
3210,3210,88,3203,53,"Female",16,31,0,1,1,0,0,1,30,0,3.3700008392334,1,37000,42500
2698,2698,105,1553,33,"Female",12,15,0,1,1,0,1,1,15,0,2.89000153541565,1,24000,4500
3633,4608,405,1025,49,"Female",12,31,0,1,1,0,0,1,26,0,2.37999892234802,1,2613,1000
2413,2443,15,2701,44,"Female",8,30,0,1,1,0,0,1,24,0,3.15000176429749,0,0,2500
3818,3878,45,125,28,"Female",12,10,0,1,1,1,0,1,7,0,0.550000011920929,1,14300,13750
3420,3480,75,0,64,"Male",12,46,0,1,1,0,0,1,35,0,3.46000146865845,0,0,10500
3215,3228,0,375,61,"Female",12,43,0,1,1,0,0,1,0,0,3.46000146865845,0,0,2500
2623,3268,0,1920,32,"Female",12,14,0,1,1,0,0,0,0,0,1.72999930381775,0,0,1000
2643,2643,38,1408,34,"Male",11,17,0,1,1,1,0,1,16,0,3.46000146865845,0,0,9500
3353,3353,0,1995,43,"Female",12,25,0,1,1,0,1,1,22,0,2.4800009727478,1,18000,3500
3558,3588,0,1600,25,"Male",17,2,0,1,1,0,0,1,3,0,2.99999904632568,1,8000,1000
2828,2978,75,1243,39,"Female",17,16,0,1,1,0,0,1,19,0,5.76999950408936,1,16000,16250
3148,3208,0,1988,60,"Male",17,37,0,1,1,0,0,1,34,0,25.3999977111816,0,0,21250
3773,4148,75,0,25,"Female",12,7,0,1,1,0,0,1,5,0,2.30999875068665,1,15000,5500
3405,3518,0,375,55,"Female",14,35,0,1,1,0,0,1,33,0,2.30999875068665,1,12000,2500
3278,3483,0,1051,45,"Female",17,22,0,1,1,0,0,1,21,0,4.62000131607056,1,34000,32500
2868,3243,10,1733,52,"Female",8,38,0,0,1,0,0,1,27,0,2.30999875068665,1,16000,2500
3900,4035,0,363,63,"Female",5,52,0,0,1,0,0,0,0,0,4.62000131607056,0,0,3500
2508,2621,25,1230,26,"Female",16,4,0,1,1,0,0,1,5,1,7.51000452041626,1,18500,18750
3555,3555,30,1816,26,"Female",6,14,1,1,1,0,1,1,10,1,2.51000070571899,1,7000,6750
3630,4155,0,625,58,"Female",8,44,0,0,1,0,0,0,0,0,2.72000050544739,0,0,0
3215,3215,0,0,60,"Female",11,43,0,1,1,0,0,0,0,0,1.15000009536743,0,0,1000
3180,3180,0,0,31,"Female",12,13,0,1,1,0,1,1,9,0,5.04999876022339,1,13500,9500
3938,3938,30,588,57,"Female",12,39,0,1,1,0,0,1,39,0,3.38000082969666,1,12000,1000
3466,3565,0,1050,39,"Female",16,17,0,1,1,0,0,1,18,0,2.89000153541565,1,6000,2500
2678,2678,0,800,25,"Female",15,4,0,1,1,0,0,1,6,1,0.919999659061432,1,13000,13750
3223,3298,0,900,48,"Female",16,26,0,1,1,0,0,1,25,0,2.30999875068665,1,28000,1000
3428,3493,0,638,28,"Female",17,5,0,1,1,0,0,1,6,0,3.08000135421753,1,21000,18750
3967,4367,0,1751,37,"Female",6,25,1,0,1,0,0,0,0,0,1.53999936580658,0,0,1000
3525,3650,150,900,49,"Female",12,31,0,1,1,0,0,1,24,0,3.08000135421753,1,17000,1000
3143,3353,0,900,48,"Female",12,30,0,1,1,0,0,1,27,0,5.69999885559082,1,20000,3500
3700,3715,15,388,26,"Female",12,8,0,0,1,1,0,1,4,0,2.21999955177307,1,7500,0
3245,3245,75,305,27,"Female",17,4,0,1,1,0,0,1,6,1,6.22000074386597,1,1500,1000
2010,2495,0,808,40,"Female",12,22,1,1,1,0,0,1,22,0,3.46000146865845,1,10020,1000
3055,3055,50,875,38,"Female",12,20,0,1,1,1,0,1,16,0,2.30999875068665,1,12000,1000
3458,3628,0,613,40,"Female",12,22,0,1,1,0,0,1,22,0,2.30999875068665,1,14500,2500
4235,4235,58,1183,30,"Female",12,12,0,1,1,0,0,1,6,1,2.08000016212463,1,9500,0
3890,3890,0,1050,30,"Female",16,8,0,1,1,0,0,1,9,1,2.30999875068665,1,11000,10500
4005,5280,500,520,34,"Female",10,18,0,1,1,0,0,1,19,0,2.89000153541565,1,15000,0
3773,3773,20,353,33,"Female",17,10,1,1,1,0,0,1,14,0,23.0900096893311,1,27000,6750
3465,3465,375,2700,26,"Female",10,10,0,1,1,0,0,1,11,1,11.5500068664551,1,5000,10500
3460,3520,0,0,27,"Female",14,7,0,1,1,0,0,1,0,0,1.39000034332275,1,8570,1000
3360,3418,138,0,23,"Female",12,5,0,1,1,0,0,1,6,0,2.89000153541565,1,11000,1000
3863,4073,0,0,62,"Female",1,55,0,0,1,0,0,1,43,0,1.91999959945679,0,0,1000
3105,3305,0,0,39,"Female",17,16,0,1,1,0,0,1,18,0,2.30999875068665,1,35000,42500
3715,4025,0,2443,34,"Male",17,11,0,1,0,1,0,1,14,0,NA,0,0,0
3450,3450,0,995,44,"Male",15,23,1,1,0,0,0,1,22,0,NA,0,0,0
3735,3735,0,1975,58,"Male",15,37,0,1,0,1,0,1,29,0,NA,0,0,0
4095,4140,0,1313,29,"Female",16,7,0,1,0,0,0,1,5,0,NA,1,16000,13750
2770,2770,0,4000,39,"Male",12,21,0,1,0,0,0,1,20,0,NA,0,0,9500
2760,2760,0,3518,41,"Male",17,18,0,1,0,1,0,1,18,0,NA,1,200,42500
4100,4100,30,188,55,"Male",12,37,0,1,0,0,0,1,26,0,NA,1,1000,9500
2800,2800,0,0,28,"Female",12,10,0,1,0,1,0,1,10,1,NA,1,12000,10500
2865,2865,20,3438,41,"Male",12,23,0,1,0,0,0,1,21,0,NA,0,0,0
3430,4127,0,1150,46,"Male",8,32,0,1,0,0,0,1,28,0,NA,1,3500,9500
4266,4474,0,2880,56,"Male",5,45,0,1,0,0,0,0,0,0,NA,0,0,6750
2911,2911,0,2100,52,"Female",12,34,0,1,0,0,0,0,0,0,NA,0,0,0
2746,2916,0,2740,33,"Male",12,15,0,1,0,0,1,1,7,0,NA,0,0,13750
2663,3038,0,0,47,"Female",9,32,0,1,0,0,1,1,28,0,NA,0,0,8250
2940,3390,0,2475,35,"Male",12,17,0,1,0,1,0,1,12,0,NA,1,3500,0
2640,2700,0,3180,27,"Male",16,5,0,1,0,0,0,1,5,1,NA,1,2000,42500
2930,2930,0,1950,34,"Female",17,11,0,1,0,0,1,1,13,0,NA,1,14000,13750
2955,2955,0,2225,26,"Female",14,6,0,1,0,0,1,0,0,0,NA,0,0,3500
3595,3595,135,2478,60,"Male",12,42,0,1,0,1,0,1,38,0,NA,0,0,18750
2905,2905,0,3648,27,"Male",12,9,0,1,0,0,0,1,7,1,NA,0,0,11750
2533,2638,110,1565,42,"Female",12,24,0,1,0,0,0,1,24,0,NA,1,20000,5500
2820,2820,20,3615,31,"Female",14,11,0,1,0,1,0,1,0,0,NA,1,25000,27500
2755,3105,0,2705,29,"Male",11,12,0,0,0,0,0,0,0,0,NA,0,0,5500
2806,2851,0,2476,31,"Male",12,13,0,1,0,0,1,1,9,1,NA,1,13000,8250
4200,4350,0,0,65,"Male",5,54,0,0,0,0,0,1,36,0,NA,0,0,2500
2448,2613,0,3325,41,"Male",16,19,0,1,0,1,0,1,16,0,NA,0,0,0
4095,4095,38,1413,36,"Male",16,14,0,1,0,0,0,1,14,0,NA,1,5000,4500
2355,2355,60,2726,54,"Female",14,34,0,1,0,1,0,1,30,0,NA,1,11300,27500
4050,4140,0,0,24,"Female",13,5,0,1,0,0,1,1,3,0,NA,1,6000,8250
3990,4170,225,1725,56,"Female",7,43,0,0,0,1,0,1,38,0,NA,0,0,5500
3975,3975,265,0,28,"Female",12,10,0,1,0,0,0,1,7,0,NA,1,8000,6750
2738,2768,0,2475,41,"Male",10,25,0,1,0,0,1,1,18,0,NA,0,0,13750
2848,3073,0,638,24,"Female",16,2,1,1,0,0,0,1,1,0,NA,1,13000,0
2818,2968,0,2505,32,"Male",12,14,0,1,0,1,0,1,12,0,NA,0,0,42500
2470,2470,860,2026,38,"Male",16,16,0,1,0,0,0,1,17,0,NA,0,0,0
3855,3895,355,360,33,"Female",17,10,0,1,0,0,0,1,5,0,NA,1,65000,42500
3803,3953,0,2446,43,"Male",5,32,0,1,0,0,1,1,22,0,NA,0,0,0
2940,2940,540,1725,41,"Female",17,18,0,1,0,0,0,1,19,0,NA,1,75000,1000
3791,3871,75,2808,34,"Male",15,13,0,1,0,1,0,0,0,0,NA,0,0,8250
3785,3785,30,800,31,"Male",12,13,0,1,0,0,0,1,8,0,NA,0,0,0
3755,3755,0,1138,55,"Male",13,36,0,1,0,1,0,1,32,0,NA,0,0,0
3745,3745,0,900,62,"Female",8,48,0,1,0,1,0,1,36,0,NA,0,0,0
3743,3743,0,3118,54,"Male",17,31,0,1,0,1,1,1,22,0,NA,0,0,32500
2113,2293,0,2488,33,"Male",14,13,0,1,0,0,0,1,4,0,NA,0,0,0
4350,5240,0,480,60,"Male",12,42,0,1,0,0,1,1,38,0,NA,0,0,13750
3860,3860,55,1334,28,"Female",12,10,0,0,0,0,0,0,0,0,NA,0,0,2500
2053,2053,58,2276,32,"Male",12,14,0,1,0,0,0,1,0,1,NA,1,8000,10500
3705,3705,153,940,32,"Female",12,14,0,1,0,0,0,0,0,0,NA,0,0,0
3703,3793,788,2948,30,"Female",12,12,0,1,0,1,0,0,0,0,NA,0,0,5500
2381,2471,0,2760,33,"Female",12,15,0,1,0,0,1,0,0,0,NA,0,0,6750
3670,3730,0,2175,38,"Male",14,18,0,1,0,0,0,0,0,0,NA,0,0,21250
3655,3655,0,460,47,"Female",16,25,0,1,0,0,0,1,29,0,NA,1,28000,27500
3650,3650,55,1773,40,"Female",16,18,0,1,0,1,0,1,18,0,NA,0,0,0
3643,3643,75,3085,28,"Male",11,11,0,1,0,1,0,1,10,0,NA,0,0,1000
3638,3638,38,1375,27,"Female",11,10,0,1,0,1,0,1,10,0,NA,0,0,1000
3733,3733,43,2288,28,"Male",16,6,0,1,0,0,0,1,4,1,NA,1,9000,11750
3725,3725,0,2616,44,"Male",9,29,0,1,0,0,1,1,23,0,NA,0,0,21250
3630,3780,8,875,25,"Female",16,3,0,1,0,0,1,1,3,0,NA,1,8400,9500
3628,3628,0,0,58,"Male",7,45,0,0,0,0,1,0,0,0,NA,0,0,4500
3628,3708,225,1013,28,"Female",16,6,0,1,0,0,0,1,4,0,NA,0,0,0
3800,4035,0,1925,52,"Female",5,41,0,1,0,0,1,1,22,0,NA,0,0,0
3615,3615,50,2443,27,"Female",16,5,0,1,0,0,0,0,0,0,NA,0,0,6750
3600,3690,0,2163,42,"Male",12,24,0,1,0,0,0,1,24,0,NA,1,5000,5500
3598,3598,0,2376,56,"Male",14,36,0,1,0,0,1,1,0,0,NA,0,0,11750
1740,1785,0,2909,50,"Male",16,28,0,1,0,0,0,1,23,0,NA,0,0,0
3583,3706,20,2508,64,"Male",12,46,0,0,0,1,0,1,41,0,NA,0,0,42500
3580,3580,38,3166,44,"Male",12,26,0,1,0,1,0,1,17,0,NA,0,0,0
2700,2700,0,2206,33,"Female",14,13,0,1,0,0,0,1,4,0,NA,0,0,0
3565,3815,75,2150,44,"Female",8,30,0,1,0,0,0,1,28,0,NA,1,4500,9500
3550,3550,0,2455,24,"Male",16,2,0,1,0,0,0,0,0,0,NA,0,0,3500
3548,3773,0,113,32,"Female",12,14,0,1,0,1,0,1,0,0,NA,0,0,0
3543,3543,0,1088,35,"Female",8,21,0,1,0,1,0,1,7,0,NA,1,50000,42500
3538,3921,15,2388,54,"Male",14,34,0,1,0,0,0,1,30,0,NA,0,0,6750
3530,3530,0,4805,37,"Male",12,19,0,1,0,1,0,1,0,0,NA,1,8000,42500
3525,3525,38,1933,28,"Male",16,6,0,1,0,0,0,1,4,0,NA,0,0,0
3525,3560,75,1950,51,"Female",5,40,0,1,0,0,0,1,35,0,NA,0,0,0
3523,3523,30,1971,54,"Male",17,31,0,1,0,0,1,1,0,0,NA,0,0,16250
3950,3950,675,500,32,"Male",12,14,0,1,0,0,1,1,9,0,NA,0,0,11750
4420,4420,0,2450,38,"Male",10,22,0,1,0,0,0,1,19,0,NA,0,0,0
3871,3991,0,2050,46,"Male",16,24,0,1,0,1,0,0,0,0,NA,0,0,42500
3503,3541,0,950,26,"Female",12,8,0,0,0,0,1,1,0,0,NA,1,7000,4500
3498,3724,200,1015,59,"Male",12,41,0,1,0,0,0,1,37,0,NA,1,6600,6750
3488,4181,0,1715,50,"Male",8,36,0,1,0,0,0,1,31,0,NA,0,0,0
3480,4005,240,1113,28,"Female",12,10,0,1,0,1,0,0,0,0,NA,0,0,13750
3478,3478,200,1200,57,"Male",12,39,0,1,0,0,0,1,36,0,NA,0,0,0
3468,3468,0,2871,26,"Male",16,4,0,1,0,0,1,1,3,0,NA,1,10700,9500
3460,3460,0,2250,56,"Female",9,41,0,0,0,0,0,1,30,0,NA,0,0,0
3455,3513,0,2828,31,"Female",16,9,0,1,0,0,0,1,3,0,NA,0,0,11750
1546,1576,0,3316,36,"Female",12,18,0,1,0,0,0,1,20,0,NA,0,0,9500
3435,3435,0,0,53,"Female",12,35,0,0,0,0,0,0,0,0,NA,0,0,3500
3433,3448,0,745,63,"Male",8,49,0,0,0,1,0,1,43,0,NA,0,0,0
755,1335,45,2663,23,"Female",12,5,0,1,0,0,0,0,0,0,NA,0,0,5500
3423,3423,0,3338,35,"Male",16,13,0,1,0,0,0,1,14,0,NA,0,0,9500
3423,3483,93,1588,61,"Male",8,47,0,1,0,1,0,1,7,0,NA,1,35000,42500
3420,3895,45,830,32,"Female",17,9,0,1,0,0,0,0,0,0,NA,0,0,13750
2793,2883,105,1273,43,"Male",16,21,0,1,0,1,1,1,0,0,NA,1,12000,42500
3405,4147,0,2145,43,"Female",13,24,0,1,0,0,1,1,0,0,NA,0,0,10500
3405,3405,0,1875,55,"Male",5,44,0,1,0,0,0,1,35,0,NA,0,0,0
3395,3395,0,1988,32,"Male",17,9,0,1,0,1,0,1,9,0,NA,1,22000,16250
3391,3477,0,2895,50,"Male",12,32,0,1,0,0,0,1,18,0,NA,1,1300,5500
3390,3390,225,583,52,"Female",12,34,0,1,0,0,0,1,26,0,NA,1,9400,9500
3935,4160,0,163,54,"Male",12,36,0,1,0,0,0,1,29,0,NA,0,0,16250
3375,3660,18,2905,40,"Male",12,22,0,1,0,0,1,1,18,0,NA,0,0,8250
3360,3495,0,3135,49,"Female",11,32,0,0,0,0,0,0,0,0,NA,0,0,6750
3360,3360,0,3075,50,"Male",10,34,1,1,0,1,0,1,26,0,NA,0,0,0
3355,3655,140,0,24,"Male",10,8,1,0,0,0,1,1,9,1,NA,1,9000,10500
2655,2655,0,2688,25,"Male",13,6,0,1,0,0,1,0,0,0,NA,1,2000,5500
3338,3338,0,2263,44,"Male",12,26,0,1,0,0,0,1,16,0,NA,0,0,0
3338,3338,0,2588,42,"Male",12,24,0,1,0,0,0,1,17,0,NA,1,4000,3500
3330,3330,47,3148,37,"Male",12,19,0,1,0,1,0,1,18,0,NA,0,0,1000
3326,3326,0,2468,46,"Male",17,23,1,1,0,0,1,1,22,0,NA,1,14000,13750
3315,3650,150,1525,29,"Male",10,13,0,1,0,1,0,1,0,0,NA,1,5980,4500
3315,3315,0,2948,35,"Male",12,17,0,1,0,1,0,1,12,0,NA,0,0,23750
3310,3348,110,0,25,"Female",12,7,0,1,0,1,0,1,10,0,NA,1,12000,0
3310,3505,0,2826,49,"Male",12,31,1,1,0,0,0,1,9,0,NA,0,0,0
3308,3443,0,2326,45,"Male",12,27,0,1,0,0,1,1,10,0,NA,0,0,11750
3308,3308,0,2820,25,"Male",17,2,0,1,0,0,1,1,0,0,NA,1,8250,8250
3295,3362,388,2513,57,"Male",12,39,1,1,0,0,0,1,32,0,NA,0,0,0
3295,3295,225,3171,35,"Male",12,17,0,1,0,0,0,1,15,0,NA,0,0,0
3285,3285,30,1325,31,"Female",17,8,0,1,0,0,0,1,10,0,NA,1,17000,5500
3285,3285,0,2493,55,"Male",15,34,0,1,0,0,0,1,0,0,NA,0,0,32500
3271,3271,0,3441,24,"Female",16,2,0,1,0,0,0,0,0,0,NA,0,0,0
3268,3268,150,1238,58,"Male",8,44,0,1,0,0,0,1,36,0,NA,0,0,0
3261,3261,55,2588,52,"Male",17,29,0,1,0,0,0,1,30,0,NA,0,0,0
3260,3260,38,3590,33,"Male",17,10,0,1,0,1,0,1,10,0,NA,1,8400,5500
3255,3255,0,1548,39,"Female",11,22,0,1,0,1,0,1,22,0,NA,1,12000,0
3248,3368,0,3190,25,"Male",9,10,0,1,0,0,0,0,0,0,NA,0,0,8250
3236,3649,45,2350,25,"Female",16,3,0,1,0,0,0,0,0,0,NA,0,0,3500
3235,3685,135,0,30,"Female",16,8,0,1,0,0,0,1,4,1,NA,0,0,11750
3230,3270,0,2150,25,"Male",17,2,0,1,0,0,0,1,2,0,NA,1,5200,4500
3225,4538,0,2535,42,"Male",16,20,0,1,0,1,0,1,18,0,NA,0,0,0
3225,3225,15,638,35,"Male",12,17,0,1,0,1,0,1,16,0,NA,1,7600,1000
3225,3777,60,2260,59,"Female",12,41,0,0,0,0,0,1,0,0,NA,0,0,4500
3218,3218,0,3275,42,"Male",12,24,0,1,0,1,0,1,18,1,NA,0,0,42500
3218,3218,25,1013,59,"Female",12,41,0,1,0,0,0,1,37,0,NA,1,12600,6750
3210,3210,80,2433,32,"Male",16,10,0,1,0,0,0,1,10,0,NA,0,0,21250
3203,3203,435,2450,49,"Male",17,26,0,1,0,0,0,0,0,0,NA,0,0,0
3201,3321,140,2298,54,"Male",14,34,0,1,0,0,0,1,32,0,NA,1,9000,8250
3200,3200,0,2363,58,"Male",9,43,0,1,0,0,0,1,39,0,NA,0,0,1000
3195,3195,40,1578,38,"Male",14,18,0,1,0,0,1,1,0,0,NA,0,0,0
3190,3250,0,2500,50,"Female",8,36,0,1,0,0,0,1,31,0,NA,0,0,0
3188,3238,0,2526,46,"Female",17,23,0,1,0,0,1,1,22,0,NA,1,14500,13750
3188,3188,45,2538,38,"Male",12,20,0,1,0,1,0,1,17,0,NA,0,0,0
3181,3181,60,2393,39,"Male",12,21,0,1,0,0,0,1,12,1,NA,0,0,0
3176,3176,250,2163,31,"Female",17,8,0,1,0,0,0,1,9,0,NA,1,20000,16250
3175,3175,15,3481,42,"Male",13,23,0,1,0,0,1,1,19,0,NA,0,0,0
3165,3300,420,2163,30,"Male",16,8,0,1,0,0,0,1,5,0,NA,1,9000,13750
3390,3390,0,3421,27,"Male",16,5,0,0,0,1,0,0,0,0,NA,0,0,10500
3630,3630,0,2300,54,"Male",14,34,0,1,0,0,0,1,33,0,NA,0,0,0
3150,3270,0,1188,64,"Male",17,41,0,1,0,0,0,1,36,0,NA,0,0,42500
3140,3140,50,2666,43,"Male",9,28,0,1,0,1,1,1,0,0,NA,1,10000,42500
3135,3278,0,1538,29,"Male",12,11,0,1,0,0,0,1,5,0,NA,1,7500,8250
3615,3615,38,1888,34,"Male",12,16,0,1,0,0,0,1,2,1,NA,0,0,16250
3110,3185,0,0,23,"Female",16,1,0,1,0,0,0,1,5,1,NA,0,0,42500
3095,3095,98,2293,31,"Male",15,10,0,1,0,0,0,0,0,0,NA,0,0,1000
3090,3499,205,538,44,"Female",13,25,0,1,0,0,0,1,0,0,NA,1,30000,1000
3073,3298,0,2351,57,"Male",17,34,0,1,0,0,1,1,27,0,NA,1,17500,16250
3068,3068,150,2373,31,"Female",12,13,0,1,0,0,0,0,0,0,NA,0,0,10500
3065,3140,223,2148,23,"Female",14,3,0,1,0,0,0,1,4,1,NA,1,8500,8250
3573,3573,430,2013,29,"Male",14,9,0,1,0,0,0,1,2,0,NA,0,0,23750
3060,3330,0,2603,50,"Male",12,32,0,1,0,0,0,1,22,0,NA,1,2500,2500
3040,3725,0,1510,25,"Female",12,7,1,1,0,0,1,0,0,1,NA,0,0,3500
3028,3116,58,2513,44,"Male",16,22,0,1,0,0,0,1,19,0,NA,0,0,16250
3023,3143,0,2418,29,"Male",16,7,0,1,0,0,0,1,5,1,NA,0,0,16250
3023,3023,0,2281,36,"Female",16,14,0,1,0,0,0,1,14,0,NA,0,0,9500
3015,3150,0,1183,47,"Female",10,31,0,1,0,0,1,1,28,0,NA,0,0,9500
3008,3173,60,2275,52,"Female",10,36,0,0,0,0,0,1,29,0,NA,0,0,0
2993,2993,125,2725,61,"Male",17,38,0,1,0,1,0,1,30,0,NA,0,0,27500
2985,3105,75,2388,32,"Female",16,10,0,1,0,0,0,0,0,0,NA,0,0,10500
2985,3385,25,2026,45,"Female",12,27,0,1,0,0,0,1,18,0,NA,1,16000,5500
3520,3535,0,675,34,"Male",10,18,0,0,0,0,1,1,4,0,NA,0,0,2500
3510,3510,135,1851,37,"Female",12,19,0,1,0,0,0,1,17,0,NA,1,12000,3500
2970,3000,88,1961,54,"Female",17,31,0,1,0,1,1,1,22,0,NA,1,35000,32500
2970,3415,0,2363,30,"Female",16,8,0,1,0,0,0,1,9,1,NA,0,0,6750
